Title,Author,ISBN,Pages,Subject
"Chemical, Biochemical, and Engineering Thermodynamics",Stanley I. Sandler,9780471661740,960,ChE
Unit Operations of Chemical Engineering,Warren Lee McCabe,9780072848236,1140,ChE
Product and Process Design Principles,Warren D. Seider,9780470048955,736,ChE
Process Dynamics and Control,Dale E. Seborg,9780470128671,514,ChE
Plant Design and Economics for Chemical Engineers,Max Peters,9780072392661,988,ChE
Air Pollution Control Engineering,Noel De Nevers,9781478629054,598,ChE
Essentials of Polymer Science and Engineering,Paul C. Painter,9781932078756,525,ChE
Design and Analysis of Experiments,Douglas C. Montgomery,9781118146927,752,ChE
Turbulence,Peter Davidson,9780198722595,656,ChE
Turbulent Flows,S. B. Pope,9780521598866,771,ChE
An Introduction to Mass and Heat Transfer,Stanley Middleman,9780471111764,672,ChE
Essential Thermodynamics,Athanassios Z. Panagiotopoulos,9781451564945,272,ChE
Elements of Chemical Reaction Engineering,H. Scott Fogler,9780133887518,992,ChE
Fluid Mechanics for Chemical Engineers with Microfluidics and CFD.,James O. Wilkes,9780131482128,755,ChE
Introduction to chemical engineering thermodynamics,Joseph Mauk Smith,9780073104454,817,ChE
Statistical mechanics for engineers,Isamu Kusaka,9783319138091,,ChE
The properties of gases and liquids,Bruce E. Poling,9780070116825,768,ChE
Analysis of Transport Phenomena,William Murray Deen,9780199740284,664,ChE
An Introduction to Applied Statistical Thermodynamics,Stanley I. Sandler,9780470913475,372,ChE
Inorganic Chemistry,Duward Shriver,9781429299060,830,Chemistry
Solutions Manual for Inorganic Chemistry,Alen Hadzovic,9781464124389,300,Chemistry
Physical Chemistry,Peter Atkins,9781429290197,1060,Chemistry
Problems and Solutions,Heather A. Cox,9780935702996,956,Chemistry
"Problems and Solutions to Accompany McQuarrie and Simon, Physical Chemistry: a Molecular Approach",Heather Cox,9780935702439,956,Chemistry
An Introduction to Combustion: Concepts and Applications,Stephen Turns,9780073380193,752,Chemistry
Organotransition Metal Chemistry,John Frederick Hartwig,9781891389535,1127,Chemistry
Student Solutions Manual for Modern Physical Organic Chemistry,Michael B. Sponsler,9781891389313,349,Chemistry
Advanced organic chemistry,Francis A. Carey,9780387683461,,Chemistry
Advanced Organic Chemistry,Francis A. Carey,9780387683546,1322,Chemistry
Strategic applications of named reactions in organic synthesis,László Kürti,9780124297852,758,Chemistry
Statistical Mechanics,Donald Allan McQuarrie,9781891389153,641,Chemistry
Quantum Computation and Quantum Information,Michael A. Nielsen,9781107002173,702,CSE
Nonlinear Programming,Dimitri P. Bertsekas,9781886529052,859,CSE
Introduction to Algorithms,Thomas H. Cormen,9780262033848,1292,CSE
Pattern Recognition and Machine Learning,Christopher M. Bishop,9780387310732,738,CSE
Neural Networks for Pattern Recognition,Christopher M. Bishop,9780198538646,482,CSE
"Hacking, 2nd Edition",Jon Erickson,9781593271442,488,CSE
Penetration Testing,Georgia Weidman,9781593275648,528,CSE
Rtfm,Ben Clark,9781494295509,96,CSE
Hash Crack,Joshua Picolet,9781540444967,82,CSE
Blue Team Field Manual,Alan White,9781541016361,144,CSE
Deep Learning,Ian Goodfellow,9780262035613,800,CSE
Make Your Own Neural Network,Tariq Rashid,9781530826605,222,CSE
Engineering a Compiler,Keith Daniel Cooper,9780120884780,800,CSE
Writing Compilers and Interpreters,Ronald Mak,9780470177075,864,CSE
Modern Compiler Design,Dick Grune,9781461446989,822,CSE
Algorithms,Robert Sedgewick,9780321573513,955,CSE
Computer Networks,Larry L. Peterson,9780123850591,884,CSE
Operating Systems,Thomas Anderson,9780985673529,669,CSE
Language Implementation Patterns,Terence Parr,9781934356456,374,CSE
The Algorithm Design Manual,Steven S. Skiena,9781848000698,730,CSE
Fabrication Engineering at the Micro- and Nanoscale,Stephen A. Campbell,9780199861224,671,ECE
Power electronics,Ned Mohan,9780471226932,802,ECE
"Wireless Receiver Design for Digital Communications, 2nd Edn",Kevin McClaning,9781891121807,758,ECE
"CMOS circuit design, layout, and simulation",R. Jacob Baker,9780470881323,,ECE
Analog Integrated Circuit Design,Tony Chan Carusone,9780470770108,794,ECE
Digital integrated circuits: a design perspective,Jan M. Rabaey,9780130909961,,ECE
Microwave Engineering,David M. Pozar,9780470631553,732,ECE
Radiowave Propagation,Curt Levis,9780470542958,301,ECE
Fundamentals of Digital Communication,Upamanyu Madhow,9780521874144,518,ECE
Digital Communications,Massoud Salehi,9780072957167,1168,ECE
Modern control systems,Richard C. Dorf,9780134407623,,ECE
Signals and Systems,Alan V. Oppenheim,9780138147570,957,ECE
Electric Energy,Mohamed A. El-Sharkawi,9781466503038,606,ECE
Solid State Electronic Devices,Ben G. Streetman,9780133356038,596,ECE
Microelectronic Circuits,Adel S. Sedra,9780199339136,1488,ECE
Fundamentals of Applied Electromagnetics,Fawwaz T. Ulaby,9780133356816,528,ECE
MSP430 microcontroller basics,John H. Davies,9780750682763,,ECE
Principles and applications of electrical engineering,Giorgio Rizzoni,9780073529592,,ECE
Digital Signal Processing,John G. Proakis,9780131873742,1084,ECE
Electromechanical Motion Devices,Paul C. Krause,9781118296127,544,ECE
Fundamentals of Power Electronics,Robert W. Erickson,9780792372707,883,ECE
Fundamentals of Optical Waveguides,Katsunari Okamoto,9780125250962,561,ECE
Fundamentals of Photonics,Bahaa E. A. Saleh,9780471358329,1200,ECE
Introduction to Modern Optics,Grant R. Fowles,9780486659572,328,ECE
Antenna Theory,Constantine A. Balanis,9781118642061,1096,ECE
"Memory systems: cache, DRAM, disk",Bruce Jacob,9780123797513,,ECE
Logic and Computer Design Fundamentals,M. Morris Mano,9780133760637,672,ECE
Fundamentals of Electric Circuits,Charles Alexander,9780078028229,992,ECE
Parallel Computer Architecture,David E. Culler,9781558603431,1025,ECE
Modern Processor Design,John Paul Shen,9781478607830,642,ECE
Computer Architecture,John L. Hennessy,9780123838728,493,ECE
Computer Organization and Design,David A. Patterson,9780124077263,575,ECE
Computer Architecture,Behrooz Parhami,9780195154559,575,ECE
Nonlinear RF Circuits and Nonlinear Vector Network Analyzers,Patrick Roblin,9780521889957,283,ECE
Introduction to Electromagnetic Compatibility,Clayton R. Paul,9780471755005,1016,ECE
Fundamentals of Wireless Communication,David Tse,9780521845274,564,ECE
Nonlinear Systems,Hassan K. Khalil,9780130673893,750,ECE
Nonlinear optics,Robert W. Boyd,9780123694706,,ECE
Advanced Engineering Electromagnetics,Constantine A. Balanis,9780470589489,1018,ECE
The Physics of Low-dimensional Semiconductors,John H. Davies,9780521484916,438,ECE
Introduction to Robotics,John J. Craig,9780133489798,448,ECE
"VHDL:Modular Design and Synthesis of Cores and Systems, Third Edition",Zainalabedin Navabi,9780071475457,531,ECE
Computer Vision,David Forsyth,9780136085928,761,ECE
Computer organization and embedded systems,V. Carl Hamacher,9780073380650,,ECE
Discrete-time Signal Processing,Alan V. Oppenheim,9780131988422,1108,ECE
Power Systems Analysis,Arthur R. Bergen,9780136919902,619,ECE
Lasers,A. E. Siegman,9780935702118,1283,ECE
Computational Complexity,Sanjeev Arora,9780521424264,579,ECE
Digital Control Engineering,M. Sami Fadali,9780123943910,582,ECE
Foundations of Analog and Digital Electronic Circuits,Anant Agarwal,9781558607354,984,ECE
The Physics of Solar Cells,Jenny Nelson,9781860943492,363,ECE
Principles of Modern Radar,Mark A. Richards,9781891121524,924,ECE
Analog Circuit Design,Johan H. Huijsing,9780132543354,413,ECE
Basic Economics,Thomas Sowell,9780465060733,704,Economics
Introduction to Modern Economic Growth,Daron Acemoglu,9780691132921,990,Economics
Modern Principles of Macroeconomics,Tyler Cowen,9781429278409,474,Economics
Macroeconomics,N. Gregory Mankiw,9781429218870,598,Economics
Advanced Macroeconomics,David Romer,9780073511375,736,Economics
Microeconomic Theory,Andreu Mas-Colell,9780195073409,981,Economics
Principles of Economics,N. Gregory Mankiw,9781305585126,888,Economics
The Oil Curse,Michael L. Ross,9780691159638,289,Economics
Capital Vol 1,Karl Marx,9780140445688,1152,Economics
Capital,Karl Marx,9780140445695,624,Economics
Capital,Karl Marx,9780140445701,1088,Economics
The Mystery of Capital,Hernando de Soto,9780465016150,275,Economics
A Theory of the Consumption Function,Milton Friedman,9781614278122,258,Economics
The Second Sex,Simone de Beauvoir,9780307277787,800,FemLit
The History Of Sexuality,Michel Foucault,9780679724698,,FemLit
"The History of Sexuality, Vol. 3",Michel Foucault,9780394741550,279,FemLit
The history of sexuality,Michel Foucault,9780394751221,304,FemLit
The Feminine Mystique (50th Anniversary Edition),Betty Friedan,9780393346787,592,FemLit
Critical Race Theory (Third Edition),Richard Delgado,9781479802760,224,FemLit
Intersectionality,Patricia Hill Collins,9780745684499,,FemLit
Critical Race Theory,Kimberlé Crenshaw,9781565842717,494,FemLit
"Black feminist thought: knowledge, consciousness, and the politics of empowerment",Patrici Collins,9780415964722,,FemLit
Masculinities,R. W. Connell,9780520246980,324,FemLit
Just Methods,Alison M. Jaggar,9781612053035,538,FemLit
"Women's Voices, Feminist Visions: Classic and Contemporary Readings",Susan Shaw,9780078027000,784,FemLit
Myths of Gender,Anne Fausto-Sterling,9780465047925,310,FemLit
Feminist Inquiry,M. E. Hawkesworth,9780813537054,286,FemPhilos
Teaching Feminist Activism,Nancy A. Naples,9780415931861,324,FemPhilos
Research Methods for English Studies,Gabriele Griffin,9780748683437,256,FemPhilos
Feminist Methodologies for Critical Researchers,Joey Sprague,9780759109032,237,FemPhilos
The Routledge Companion to Feminist Philosophy,Ann Garry,9781138795921,754,FemPhilos
Feminist Ethnography,D. Davis,9780759122451,248,FemPhilos
Feminist methodologies for critical researchers: bridging differences,Joey Sprague,9781442218727,,FemPhilos
The Science Question in Feminism,Sandra G. Harding,9780801493638,271,FemPhilos
Whose Science? Whose Knowledge?,Sandra G. Harding,9780801497469,319,FemPhilos
Feminism And Science,Evelyn Fox Keller,9780198751465,289,FemPhilos
Discovering Reality,Sandra Harding,9781402013195,332,FemPhilos
Qualitative Research Practice,Jane Ritchie,9781446209127,456,FemPhilos
Feminist Research Practice,Sharlene Nagy Hesse-Biber,9781412994972,433,FemPhilos
Feminism and Methodology,Sandra G. Harding,9780253204448,193,FemPhilos
The Feminist Standpoint Theory Reader,Sandra G. Harding,9780415945011,379,FemPhilos
The Postcolonial Science and Technology Studies Reader,Sandra Harding,9780822349570,476,FemPhilos
Teaching Critical Thinking,Bell Hooks,9780415968201,191,FemPhilos
The Extended Phenotype,Richard Dawkins,9780198788911,496,FH
The Selfish Gene,Charles Simonyi Chair of Public Understanding of Science Richard Dawkins,9780198788607,544,FH
Darwin's Dangerous Idea,Daniel C. Dennett,9780684824710,586,FH
Consciousness explained,D. C. Dennett,9780316180665,,FH
Free Will,Sam Harris,9781451683400,83,FH
The Moral Landscape,Sam Harris,9781439171226,307,FH
Lying,Sam Harris,9781940051000,105,FH
Letter to a Christian Nation,Sam Harris,9780307278777,120,FH
"The End of Faith: Religion, Terror, and the Future of Reason",Sam Harris,9780393327656,348,FH
Waking Up,Sam Harris,9781451636024,256,FH
Breaking the Spell,Daniel C. Dennett,9780143038337,448,FH
From Bacteria to Bach and Back,Daniel Clement Dennett,9780393242072,496,FH
Higher Superstition,Paul R. Gross,9780801857072,348,GR
Fashionable Nonsense,Alan Sokal,9780312204075,300,GR
Professing Feminism,Daphne Patai,9780739104552,426,GR
The Origin of Species,Charles Darwin,9781400041275,972,GR
The Victims' Revolution,Bruce Bawer,9780061807374,400,GR
Force and Fanaticism,Simon Ross Valentine,9781849044646,256,GR
The Big Picture,Sean Carroll,9781101984253,480,GR
Astrophysics for People in a Hurry,Neil deGrasse Tyson,9780393609394,144,GR
Decoding the Universe,Charles Seife,9780143038399,304,GR
The Science of Language,Noam Chomsky,9781107016378,321,GR
"Little science, big science-- and beyond",Derek J. de Solla Price,9780231049573,,GR
"The Rise of Statistical Thinking, 1820-1900",Theodore M. Porter,9780691024097,333,GR
Introductuon to project management,Kathy Schwalbe,9780982800331,,GR
The Greatest Story Ever Told--So Far,Lawrence M. Krauss,9781476777610,336,GR
A Universe from Nothing,Lawrence M. Krauss,9781451624465,240,GR
A Treatise On The Fundamental Principles Of Violin Playing,Leopold Mozart,9780193185135,,GR
Tesla,Margaret Cheney,9780743215367,400,GR
The Wizard of Menlo Park,Randall E. Stross,9781400047635,376,GR
Vivaldi,H. C. Robbins Landon,9780226468426,208,GR
Tchaikovsky,David Brown,9781605980171,460,GR
The Cambridge History of the Second World War,John Ferris,9781107038929,872,History
The Cambridge History of the Second World War,Richard Bosworth,9781107034075,720,History
The Cambridge History of the Second World War,Michael Geyer,9781107039957,864,History
The Cambridge History Of The Cold War,Melvyn P. Leffler,9781107602311,,History
The Cambridge History of the Cold War,Melvyn P. Leffler,9781107602304,680,History
The Cambridge History of the Cold War,Melvyn P. Leffler,9781107602298,662,History
"The Cambridge History of the First World War: Volume 3, Civil Society",Jay Winter,9781316601433,779,History
The Cambridge History Of The First World War,Jay Winter,9781316504994,,History
The Cambridge history of the First World War,J. M. Winter,9781316504437,,History
The Art of Not Being Governed,James C. Scott,9780300169171,442,History
The Invisible Bridge,Rick Perlstein,9781476782423,880,History
Nixonland: the rise of a president and the fracturing of America,Rick Perlstein,9780743243032,,History
The Rise and Fall of the Third Reich,William L. Shirer,9781451651683,1249,History
Stalin: The First In-Depth Biography Based On Explosive New Documents From Russia's Secret Archives,E. S. Radinskij,9780385479547,,History
The History Of The Decline And Fall Of The Roman Empire,Edward Gibbon,9780140437645,,History
The Reformation,Diarmaid MacCulloch,9780143035381,,History
A people's history of the United States: 1492-2001,Howard Zinn,9780060838652,,History
A Reader on Punishment,Antony Duff,9780198763536,351,Law
A Theory Of Justice,John Rawls,9780674000780,,Law
The Routledge Companion to Philosophy of Law,Andrei Marmor,9780415878180,630,Law
"Law, Liberty, And Morality",H. L. A. Hart,9780804701549,,Law
Philosophy of Law,Joel Feinberg,9781133942962,1039,Law
The Philosophy of Law,Frederick F. Schauer,9780195155129,1002,Law
Criminal Justice,Frank J. Schmalleger,9780133591316,528,Law
The Oxford Handbook Of Jurisprudence And Philosophy Of Law,Jules Coleman,9780199270972,,Law
Jurisprudence,Brian Bix,9781611637212,364,Law
"Wills, Trusts, and Estates","Thomas M. Featherston, Jr.",9780769896250,193,Law
Wills and trusts in a nutshell,Robert L. Mennell,9781634604871,,Law
"Wills, Trusts, and Estates",Gerry W. Beyer,9781454850052,768,Law
Federal Income Taxation of Individuals in a Nutshell,John K. McNulty,9780314927002,543,Law
Tax procedure and tax fraud in a nutshell,Camilla E. Watson,9781634599320,,Law
Federal income tax,Joseph Bankman,9781454833901,,Law
Questions &amp;amp; answers,Patrick Emery Longan,9781422498606,,Law
Professional Responsibility: Examples And Explanations,W. Bradley Wendel,9781454868439,,Law
Public International Law in a Nutshell,Thomas Buergenthal,9780314279965,473,Law
International Law,Valerie Epps,9781454833949,,Law
Trademark And Unfair Competition Law In A Nutshell,Mark D. Janis,9780314163417,,Law
Intellectual Property,Arthur Raphael Miller,9780314278340,473,Law
Intellectual property: examples and explanations,Stephen M. McJohn,9781454850151,,Law
Federal Jurisdiction,Erwin Chemerinsky,9781454804024,1132,Law
Federal Courts,Laura E. Little,9781454815556,524,Law
Questions and Answers,David P. Leonard,9780769864228,300,Law
Federal Rules of [Evidence] in a nutshell,Michael H. Graham,9781628105490,,Law
Evidence in a nutshell: State and Federal rules,Paul F. Rothstein,9780314278333,,Law
Evidence,Arthur Best,9781454850045,,Law
Employment Discrimination,Susan Grover,9781454816102,608,Law
Employment Law in a Nutshell,Robert N. Covington,9780314195401,567,Law
Questions & Answers,Douglas M. Branson,9781422490853,356,Law
Corporations,Alan R. Palmiter,9781454850168,864,Law
Siegel's Corporations and Other Business Entities,Siegel,9781454809272,288,Law
The Law of Corporations in a Nutshell,Robert W. Hamilton,9780314904577,442,Law
Antitrust,Daniel A. Crane,9781454837992,,Law
Antitrust Law and Economics in a Nutshell,Ernest Gellhorn,9780314257239,617,Law
Antitrust,Christopher L. Sagers,9781454833956,,Law
Administrative Law and Process in a Nutshell,Ronald Levin,9781628103557,521,Law
Administrative Law,William F. Funk,9781454850106,456,Law
Questions and Answers,John Copeland Nagle,9780769865102,148,Law
Questions &amp;amp; answers,Emily Marcus Levine,9780769857718,,Law
Criminal law in a nutshell,Arnold H. Loewy,9780314194961,,Law
Criminal Law,Richard G. Singer,9781454815532,608,Law
Concepts and Case Analysis in the Law of Contracts,Marvin A. Chirelstein,9781609303303,258,Law
Questions and Answers,Scott J. Burnham,9781630431495,213,Law
Contracts In A Nutshell,Claude D. Rohwer,9781634599146,,Law
Contracts,Brian A. Blum,9781454815471,,Law
Constitutional Law--Principles And Policies,Erwin Chemerinsky,9781454849476,,Law
Constitutional law in a nutshell,Jerome A. Barron,9781634596237,,Law
Civil Procedure: Examples And Explanations,Joseph W. Glannon,9781454815488,,Law
Civil Procedure In A Nutshell,Mary Kay Kane,9780314285881,,Law
Questions &amp;amp; answers,Anita Bernstein,9780769881904,,Law
Questions &amp;amp; answers,William V. Dorsaneo,9781632828583,,Law
"Civil procedure: cases, problems and exercises",John T. Cross,9781634600170,,Law
Constitutional Law,Christopher N. May,9781454864226,784,Law
Constitutional law--individual rights,Allan Ides,9781454863922,,Law
Understanding Criminal Law,Joshua Dressler,9781632838643,603,Law
Property,D. Barlow Burke,9781454850069,,Law
Real property in a nutshell,Roger Bernhardt,9781634599207,,Law
Questions &amp;amp; answers,John Copeland Nagle,9780769865102,,Law
Understanding Property Law,John G. Sprankling,9781422498736,,Law
The Law Of Torts: Examples &Amp;Amp; Explanations,Joseph W. Glannon,9781454850113,,Law
Torts In A Nutshell,Edward Kionka,9781628105513,,Law
Questions &amp;amp; answers,Anita Bernstein,9780769881904,,Law
Justice,Michael J. Sandel,9780374532505,308,Law
The Catcher in the Rye,J.D. Salinger,9780316769488,240,Literature
One Flew Over the Cuckoo's Nest,Ken Kesey,9780451163967,272,Literature
The Stranger,Albert Camus,9780679720201,123,Literature
"The Myth of Sisyphus, and Other Essays",Albert Camus,9780679733737,212,Literature
Brave New World,Aldous Huxley,9780060850524,279,Literature
Fahrenheit 451,Ray Bradbury,9781451673319,159,Literature
The Road to Wigan Pier,George Orwell,9780156767507,232,Literature
1984,George Orwell,9780451524935,268,Literature
One Day in the Life of Ivan Denisovich,Aleksandr Isaevich Solzhenit︠s︡yn,9780451228147,181,Literature
The Kingdom Of God Is Within You,Leo Tolstoy,9781522744603,,Literature
Demons,Fyodor Dostoyevsky,9780679734512,733,Literature
The Brothers Karamazov: the Constance Garnett translation,Fyodor Mikhailovich Dostoyevsky,9780374528379,,Literature
Pride and Prejudice,Jane Austen,9780141439518,435,Literature
The Count of Monte Cristo,Alexandre Dumas pere,9780140449266,1276,Literature
Inferno,Dante Alighieri,9780140448955,449,Literature
Purgatorio,Dante Alighieri,9780140448962,,Literature
The Paradiso. A verse rendering for the modern reader,Dante Alighieri,9780140448979,,Literature
Don Quixote,Miguel de Cervantes Saavedra,9780142437230,1023,Literature
"Prince and the Pauper, The: Literary Touchstone Classic",Mark Twain,9781580496728,231,Literature
The Idiot,Fyodor Dostoyevsky,9780375702242,633,Literature
The Iliad,Homer,9780140275360,683,Literature
The Odyssey,Homer,9780140268867,541,Literature
Gulliver's Travels,Jonathan Swift,9780141439495,305,Literature
"Gone with the Wind, 75th Anniversary Edition",Margaret Mitchell,9781451635621,960,Literature
Moby Dick,Herman Melville,9780199535729,592,Literature
Adventures of Huckleberry Finn,Mark Twain,9781463520717,276,Literature
Where The Red Fern Grows: The Story Of Two Dogs And A Boy,Wilson Rawls,9780812416961,,Literature
Old Yeller,Fred Gipson,9780060935474,,Literature
Paradise Lost,John Milton,9781461120407,140,Literature
The Tommyknockers,Stephen King,9780451156600,747,Literature
Animal Farm,George Orwell,9780451526342,140,Literature
The Three Theban Plays,Sophocles,9780140444254,430,Literature
Paradise Lost,John Milton,9780140424393,453,Literature
The Adventures of Huckleberry Finn,Mark Twain,9781402726002,307,Literature
Introduction to Linear Algebra,Lee W. Johnson,9780201658590,555,Math
Mathematical methods for physicists,George B. Arfken,9780123846549,,Math
Playing for real: a text on game theory,K. G. Binmore,9780195300574,,Math
An introduction to information theory,Fazlollah M. Reza,9780486682105,,Math
An Introduction to Information Theory,John Robinson Pierce,9780486240619,305,Math
Elements of information theory,T. M. Cover,9780471241959,,Math
The Mathematical Theory Of Communication,Claude E Shannon,9780252725463,,Math
Numerical Methods for Engineers and Scientists,Amos Gilat,9781118554937,576,Math
"Bayesian Data Analysis, Third Edition",Andrew Gelman,9781439840955,675,Math
Stochastic Tools in Turbulence,John L. Lumley,9780486462707,194,Math
The Mathematical Theory of Communication,Claude Elwood Shannon,9780252725487,125,Math
Mathematical Foundations of Information Theory,Aleksandr I?Akovlevich Khinchin,9780486604343,120,Math
Chaos in Dynamical Systems,Edward Ott,9780521010849,478,Math
"Nonlinear dynamics and Chaos: with applications to physics, biology, chemistry, and engineering",Steven H. Strogatz,9780813349107,,Math
Numerical analysis,Richard L. Burden,9781305253667,,Math
Introduction to Real Analysis,Robert G. Bartle,9780471433316,416,Math
A First Course in Probability,Sheldon M. Ross,9780321794772,467,Math
Euclidean And Non-Euclidean Geometries: Development And History,Marvin J. Greenberg,9780716799481,,Math
Riemannian Manifolds,John M. Lee,9780387983226,226,Math
Introduction to Smooth Manifolds,John M. Lee,9780387954486,628,Math
Algebraic Topology,Allen Hatcher,9780521795401,544,Math
Visual Complex Analysis,Tristan Needham,9780198534464,592,Math
Introductory Complex Analysis,Richard A. Silverman,9780486646862,372,Math
Introduction to Topology,Bert Mendelson,9780486663524,206,Math
Abstract Algebra,David S. Dummit,9780471433347,932,Math
Elementary Differential Equations,William E. Boyce,9780470458327,,Math
Probability,Jim Pitman,9780387979748,559,Math
A first course in abstract algebra,John B. Fraleigh,9780201763904,520,Math
Topology,James R. Munkres,9780131816299,537,Math
Advanced modern algebra,Joseph J. Rotman,9780821847411,,Math
Theoretical numerical analysis: a functional analysis framework,Kendall E. Atkinson,9781441904577,,Math
Numerical Mathematics and Computing,E. Cheney,9781133103714,704,Math
Complex variables and applications,Ruel V. Churchill,9780073383170,,Math
Partial Differential Equations,Walter A. Strauss,9780470054567,464,Math
Linear algebra done right,Sheldon Jay Axler,9780387982588,,Math
Introduction to Linear Algebra,Gilbert Strang,9780980232776,600,Math
Differential Equations and Linear Algebra,Gilbert Strang,9780980232790,510,Math
Linear Algebra,Stephen H. Friedberg,9780130084514,601,Math
Understanding Analysis,Stephen Abbott,9781493927111,312,Math
Compliant Mechanisms,Larry L. Howell,9780471384786,,MechE
Urban transit systems and technology,Singiresu S. Rao,9780471771715,,MechE
Mechanical Design of Machine Elements and Machines,Jack A. Collins,9780470413036,890,MechE
Theory And Design For Mechanical Measurements,Richard S. Figliola,9781118881279,,MechE
Control systems engineering,Norman S. Nise,9781118170519,,MechE
Engineering Mechanics,J. L. Meriam,9781118807330,528,MechE
Engineering Mechanics,J. L. Meriam,9781118885840,736,MechE
Engineering mechanics,R. C. Hibbeler,9780133915389,,MechE
Engineering Mechanics-Dynamics,J. L. Meriam,9781118393635,752,MechE
Engineering mechanics,R. C. Hibbeler,9780133918922,,MechE
Mechanics of materials,R. C. Hibbeler,9780134319650,,MechE
Existentialism is a Humanism,Jean-Paul Sartre,9780300115468,108,Philosophy-PL
Being And Nothingness: An Essay On Phenomenological Ontology,Jean-Paul Sartre,9780671867805,,Philosophy-PL
Being and Time,Martin Heidegger,9780061575594,608,Philosophy-PL
Five Dialogues,Plato,9780872206335,156,Philosophy-PL
Discourse on Method and Meditations on First Philosophy (Fourth Edition),René Descartes,9780872204201,128,Philosophy-PL
The Will to Power,Friedrich Wilhelm Nietzsche,9780394704371,576,Philosophy-PL
The Structure of Scientific Revolutions,Thomas S. Kuhn,9780226458120,288,Philosophy-PL
The Antichrist,Friedrich Wilhelm Nietzsche,9781936594269,,Philosophy-PL
Beyond Good and Evil,Friedrich Wilhelm Nietzsche,9780679724650,256,Philosophy-PL
The Gay Science,Friedrich Wilhelm Nietzsche,9780394719856,396,Philosophy-PL
Thus Spoke Zarathustra,Friedrich Nietzsche,9780140441185,342,Philosophy-PL
The Freud reader,Sigmund Freud,9780393314038,,Philosophy-PL
Ethics preceded by On the improvement of the understanding,Baruch Spinoza,9780140435719,,Philosophy-PL
The First and Second Discourses,Jean-Jacques Rousseau,9780312694401,248,Philosophy-PL
An Enquiry Concerning Human Understanding ; [with] A Letter from a Gentleman to His Friend in Edinburgh ; [and] An Abstract of a Treatise of Human Nature,David Hume,9780872202290,151,Philosophy-PL
A Derrida Reader,Jacques Derrida,9780231066594,625,Philosophy-PL
The Foucault Reader,Michel Foucault,9780394713403,390,Philosophy-PL
The Continental Philosophy Reader,Richard Kearney,9780415095266,481,Philosophy-PL
Tractatus Logico-Philosophicus,Ludwig Wittgenstein,9780486404455,125,Philosophy-PL
Philosophical investigations,Ludwig Wittgenstein,9781405159289,,Philosophy-PL
On Certainty,Ludwig Wittgenstein,9780061316869,192,Philosophy-PL
The Web of Belief,J. S. Ullian,9780075536093,147,Philosophy-PL
Pursuit of truth,Willard Van Orman Quine,9780674739512,,Philosophy-PL
Philosophy of Logic,Willard Van Orman Quine,9780674665637,109,Philosophy-PL
FROM STIMULUS TO SCIENCE,W. V. QUINE,9780674326361,126,Philosophy-PL
Naming and Necessity,Saul A. Kripke,9780631128014,184,Philosophy-PL
Wittgenstein on Rules and Private Language,Saul A. Kripke,9780674954014,150,Philosophy-PL
The Rationalists,René Descartes,9780385095402,471,Philosophy-PL
The Empiricists,John Locke,9780385096225,517,Philosophy-PL
Critique Of Pure Reason,Immanuel Kant,9780140447477,708,Philosophy-PL
Phenomenology of spirit,Georg Wilhelm Friedrich Hegel,9780198245971,595,Philosophy-PL
The Cambridge Companion to Heidegger's Being and Time,Mark A. Wrathall,9780521720564,448,Philosophy-SL
The Cambridge Companion To Marx,Terrell Carver,9780521366946,,Philosophy-SL
The Cambridge Companion to Foucault,Gary Gutting,9780521600538,465,Philosophy-SL
The Cambridge Companion to Sartre,Christina Howells,9780521388122,387,Philosophy-SL
The Cambridge companion to existentialism,Steven Galt Crowell,9780521732789,,Philosophy-SL
The Cambridge Companion to Wittgenstein,Hans D. Sluga,9780521465915,509,Philosophy-SL
The Cambridge companion to Nietzsche,Bernd Magnus,9780521367677,,Philosophy-SL
The Cambridge Companion to Kant and Modern Philosophy,Paul Guyer,9780521529952,722,Philosophy-SL
The Cambridge Companion To Kant,Paul Guyer,9780521367684,,Philosophy-SL
The Cambridge Companion To Hegel And Nineteenth-Century Philosophy,Frederick C. Beiser,9780521539388,,Philosophy-SL
Groundwork for the Metaphysics of Morals,Immanuel Kant,9780300094879,194,Philosophy-SL
"Thinking about Science, Reflecting on Art",Otávio Bueno,9781138687325,224,Philosophy-Topics
Ockham's Razors,Elliott Sober,9781107692534,322,Philosophy-Topics
The Oxford Handbook of Philosophy of Religion,William J. Wainwright,9780195331356,560,Philosophy-Topics
The Routledge companion to philosophy of religion,Chad V. Meister,9780415782951,,Philosophy-Topics
The Routledge Companion to Philosophy of Literature,Noel Carroll,9780415889728,600,Philosophy-Topics
The Routledge companion to hermeneutics,Jeff Malpas,9780415644587,,Philosophy-Topics
The Routledge Companion To Philosophy Of Language,Gillian Russell,9781138776180,,Philosophy-Topics
The Cambridge Companion to Virtue Ethics,Daniel C. Russell,9780521171748,380,Philosophy-Topics
The Cambridge Companion to Postmodernism,Steven Connor,9780521648400,237,Philosophy-Topics
Philosophy Of Language: A Contemporary Introduction,William G. Lycan,9780415957526,,Philosophy-Topics
The Philosophy of Language,Aloysius Martinich,9780199795154,738,Philosophy-Topics
Disagreement and skepticism,Diego E. Machuca,9780415532839,,Philosophy-Topics
Disagreement,Bryan Frances,9780745672267,,Philosophy-Topics
The epistemology of disagreement: new essays,David Phiroze Christensen,9780198748113,,Philosophy-Topics
Critical theory: the key concepts,Dino Franco Felluga,9780415695657,,Philosophy-Topics
Critical Theory Today,Lois Tyson,9780415506755,470,Philosophy-Topics
Critical theory: a very short introduction,Stephen Eric Bronner,9780199730070,,Philosophy-Topics
Literary Criticism,Charles E. Bressler,9780205212149,336,Philosophy-Topics
Literary Theory: A Very Short Introduction,Jonathan Culler,9780199691340,165,Philosophy-Topics
Post-structuralism: a very short introduction,Catherine Belsey,9780192801807,,Philosophy-Topics
Hermeneutics: A Very Short Introduction,Jens Zimmermann,9780199685356,,Philosophy-Topics
Disagreement,Richard Feldman,9780199226085,304,Philosophy-Topics
The Routledge companion to aesthetics,Dominic Lopes,9780415782876,,Philosophy-Topics
Moral Psychology,Valerie Tiberius,9780415529693,241,Philosophy-Topics
Free Will,Michael McKenna,9780415996877,320,Philosophy-Topics
Philosophy Of Religion: A Contemporary Introduction,Keith E. Yandell,9780415963701,,Philosophy-Topics
Philosophy of Mind,John Heil,9780415891752,281,Philosophy-Topics
Philosophy of economics: a contemporary introduction,Julian Reiss,9780415881173,,Philosophy-Topics
The Routledge companion to social and political philosophy,Gerald F. Gaus,9781138064874,,Philosophy-Topics
An introduction to the philosophy of art,Richard Thomas Eldridge,9781107614444,,Philosophy-Topics
An Introduction to Ontology,Nikk Effingham,9780745652559,224,Philosophy-Topics
Metametaphysics: New Essays On The Foundations Of Ontology,David John Chalmers,9780199546008,,Philosophy-Topics
Ontology and metaontology: a contemporary guide,.. Francesco Berto,9781441182890,,Philosophy-Topics
The Oxford Handbook Of Ethical Theory,David Copp,9780195325911,,Philosophy-Topics
The Oxford Handbook of Free Will,Robert Kane,9780195399691,646,Philosophy-Topics
The Oxford handbook of metaphysics,Dean W. Zimmerman,9780199284221,,Philosophy-Topics
The Oxford Handbook of Philosophy of Time,Craig Callender,9780199679553,704,Philosophy-Topics
Causation: a very short introduction,Rani Lill Anjum,9780199684434,,Philosophy-Topics
Causality,Phyllis McKay Illari,9780199662678,328,Philosophy-Topics
The Oxford handbook of causation,Helen Beebee,9780199642588,,Philosophy-Topics
The Oxford Handbook Of Philosophy Of Mind,Brian McLaughlin,9780199596317,,Philosophy-Topics
The Oxford handbook of the philosophy of language,Ernest LePore,9780199552238,,Philosophy-Topics
Contemporary debates in metaphysics,Theodore Sider,9781405112291,404,Philosophy-Topics
Metaphysics,Peter van Inwagen,9780813349343,,Philosophy-Topics
The Routledge Companion to Metaphysics,Robin Le Poidevin,9780415493963,609,Philosophy-Topics
The Routledge Companion To Epistemology,Sven Bernecker,9780415962193,,Philosophy-Topics
The Routledge companion to philosophy of science,Martin Curd,9780415518758,,Philosophy-Topics
The Routledge Handbook of Evolution and Philosophy,Richard Joyce,9781138789555,440,Philosophy-Topics
The Routledge Handbook Of Philosophy Of Well-Being,Guy Fletcher,9780415714532,,Philosophy-Topics
The Routledge Handbook of Metaethics,Tristram McPherson,9781138812208,500,Philosophy-Topics
The Routledge Handbook of Philosophy of Empathy,Heidi Maibom,9781138855441,396,Philosophy-Topics
The Routledge Handbook of Philosophy of Information,Luciano Floridi,9781138796935,446,Philosophy-Topics
The Routledge Handbook of Philosophy of Memory,Sven Bernecker,9781138909366,612,Philosophy-Topics
The Routledge Handbook of Epistemic Injustice,Ian James Kidd,9781138828254,416,Philosophy-Topics
Contemporary metaethics: an introduction,Alexander Miller,9780745646596,,Philosophy-Topics
The Routledge Handbook of Philosophy of Animal Minds,Kristin Andrews,9781138822887,480,Philosophy-Topics
Metaethics: a contemporary introduction,Mark Steven Van Roojen,9780415894425,,Philosophy-Topics
"Introducing philosophy: God, mind, world, and logic",Neil Tennant,9780415537148,,Philosophy-Topics
Replacing Truth,Kevin Scharp,9780199653850,325,Philosophy-Topics
Free Will,Michael McKenna,9780415996860,320,Philosophy-Topics
Metaphysics,Michael J. Loux,9781138639331,440,Philosophy-Topics
Ethics: a contemporary introduction,Harry J. Gensler,9780415803885,,Philosophy-Topics
Epistemology: a contemporary introduction to the theory of knowledge,Robert Audi,9780415879231,,Philosophy-Topics
Philosophy of Science,Martin Curd,9780393919035,1393,Philosophy-Topics
Philosophy of science: a contemporary introduction,Alexander Rosenberg,9780415891776,,Philosophy-Topics
Causality,Judea Pearl,9780521895606,464,Philosophy-Topics
