9780195331356,Philosophy-Topics
9780415782951,Philosophy-Topics
9780415889728,Philosophy-Topics
9780415711234,Philosophy-Topics
9780415644587,Philosophy-Topics
9781138776180,Philosophy-Topics
9780521171748,Philosophy-Topics
9780521648400,Philosophy-Topics
9780415957526,Philosophy-Topics
9780199795154,Philosophy-Topics
9780415532839,Philosophy-Topics
9780745672267,Philosophy-Topics
9780198748113,Philosophy-Topics
9780415695657,Philosophy-Topics
9780415506755,Philosophy-Topics
9780199730070,Philosophy-Topics
9780205212149,Philosophy-Topics
9780199691340,Philosophy-Topics
9780192801807,Philosophy-Topics
9780199685356,Philosophy-Topics
9780199226085,Philosophy-Topics
9780415782876,Philosophy-Topics
9781138841659,Philosophy-Topics
9780415529693,Philosophy-Topics
9780415996877,Philosophy-Topics
9780415963701,Philosophy-Topics
9780415891752,Philosophy-Topics
9780415881173,Philosophy-Topics
9781138064874,Philosophy-Topics
9781107614444,Philosophy-Topics
9780745652559,Philosophy-Topics
9780199546008,Philosophy-Topics
9781441182890,Philosophy-Topics
9780195325911,Philosophy-Topics
9780195399691,Philosophy-Topics
9780199284221,Philosophy-Topics
9780199679553,Philosophy-Topics
9780199684434,Philosophy-Topics
9780199662678,Philosophy-Topics
9780199642588,Philosophy-Topics
9780199596317,Philosophy-Topics
9780199552238,Philosophy-Topics
9781405112291,Philosophy-Topics
9780813349343,Philosophy-Topics
9780415493963,Philosophy-Topics
9780415962193,Philosophy-Topics
9780415518758,Philosophy-Topics
9781138858510,Philosophy-Topics
9781138789555,Philosophy-Topics
9780415714532,Philosophy-Topics
9781138812208,Philosophy-Topics
9781138855441,Philosophy-Topics
9781138796935,Philosophy-Topics
9781138909366,Philosophy-Topics
9781138828254,Philosophy-Topics
9780745646596,Philosophy-Topics
9781138822887,Philosophy-Topics
9780415894425,Philosophy-Topics
9780415537148,Philosophy-Topics
9780199653850,Philosophy-Topics
9780415996860,Philosophy-Topics
9781138639331,Philosophy-Topics
9780415803885,Philosophy-Topics
9780415879231,Philosophy-Topics
9780393919035,Philosophy-Topics
9780415891776,Philosophy-Topics
9780521895606,Philosophy-Topics
